"forecast_date","target","target_end_date","location","type","quantile","value","location_level"
"2023-05-09","1 wk ahead inc flu hosp","2023-05-13","CA","quantile","0.01","10.00","state"
"2023-05-09","1 wk ahead inc flu hosp","2023-05-13","CA","quantile","0.025","11.00","state"
"2023-05-09","1 wk ahead inc flu hosp","2023-05-13","CA","quantile","0.05","13.00","state"
"2023-05-09","1 wk ahead inc flu hosp","2023-05-13","CA","quantile","0.1","15.00","state"
"2023-05-09","1 wk ahead inc flu hosp","2023-05-13","CA","quantile","0.15","17.00","state"
"2023-05-09","1 wk ahead inc flu hosp","2023-05-13","CA","quantile","0.2","19.00","state"
"2023-05-09","1 wk ahead inc flu hosp","2023-05-13","CA","quantile","0.25","20.00","state"
"2023-05-09","1 wk ahead inc flu hosp","2023-05-13","CA","quantile","0.3","22.00","state"
"2023-05-09","1 wk ahead inc flu hosp","2023-05-13","CA","quantile","0.35","24.00","state"
"2023-05-09","1 wk ahead inc flu hosp","2023-05-13","CA","quantile","0.4","25.00","state"
"2023-05-09","1 wk ahead inc flu hosp","2023-05-13","CA","quantile","0.45","27.00","state"
"2023-05-09","1 wk ahead inc flu hosp","2023-05-13","CA","quantile","0.5","29.00","state"
"2023-05-09","1 wk ahead inc flu hosp","2023-05-13","CA","quantile","0.55","31.00","state"
"2023-05-09","1 wk ahead inc flu hosp","2023-05-13","CA","quantile","0.6","33.00","state"
"2023-05-09","1 wk ahead inc flu hosp","2023-05-13","CA","quantile","0.65","35.00","state"
"2023-05-09","1 wk ahead inc flu hosp","2023-05-13","CA","quantile","0.7","36.00","state"
"2023-05-09","1 wk ahead inc flu hosp","2023-05-13","CA","quantile","0.75","38.00","state"
"2023-05-09","1 wk ahead inc flu hosp","2023-05-13","CA","quantile","0.8","41.00","state"
"2023-05-09","1 wk ahead inc flu hosp","2023-05-13","CA","quantile","0.85","44.00","state"
"2023-05-09","1 wk ahead inc flu hosp","2023-05-13","CA","quantile","0.9","50.00","state"
"2023-05-09","1 wk ahead inc flu hosp","2023-05-13","CA","quantile","0.95","56.00","state"
"2023-05-09","1 wk ahead inc flu hosp","2023-05-13","CA","quantile","0.975","58.00","state"
"2023-05-09","1 wk ahead inc flu hosp","2023-05-13","CA","quantile","0.99","63.01","state"
"2023-05-09","1 wk ahead inc flu hosp","2023-05-13","CA","point",NA,"29.00","state"
"2023-05-09","2 wk ahead inc flu hosp","2023-05-20","CA","quantile","0.01","10.00","state"
"2023-05-09","2 wk ahead inc flu hosp","2023-05-20","CA","quantile","0.025","11.00","state"
"2023-05-09","2 wk ahead inc flu hosp","2023-05-20","CA","quantile","0.05","13.00","state"
"2023-05-09","2 wk ahead inc flu hosp","2023-05-20","CA","quantile","0.1","15.00","state"
"2023-05-09","2 wk ahead inc flu hosp","2023-05-20","CA","quantile","0.15","18.00","state"
"2023-05-09","2 wk ahead inc flu hosp","2023-05-20","CA","quantile","0.2","19.00","state"
"2023-05-09","2 wk ahead inc flu hosp","2023-05-20","CA","quantile","0.25","21.00","state"
"2023-05-09","2 wk ahead inc flu hosp","2023-05-20","CA","quantile","0.3","23.00","state"
"2023-05-09","2 wk ahead inc flu hosp","2023-05-20","CA","quantile","0.35","24.00","state"
"2023-05-09","2 wk ahead inc flu hosp","2023-05-20","CA","quantile","0.4","26.00","state"
"2023-05-09","2 wk ahead inc flu hosp","2023-05-20","CA","quantile","0.45","27.00","state"
"2023-05-09","2 wk ahead inc flu hosp","2023-05-20","CA","quantile","0.5","29.00","state"
"2023-05-09","2 wk ahead inc flu hosp","2023-05-20","CA","quantile","0.55","31.00","state"
"2023-05-09","2 wk ahead inc flu hosp","2023-05-20","CA","quantile","0.6","32.00","state"
"2023-05-09","2 wk ahead inc flu hosp","2023-05-20","CA","quantile","0.65","34.00","state"
"2023-05-09","2 wk ahead inc flu hosp","2023-05-20","CA","quantile","0.7","36.00","state"
"2023-05-09","2 wk ahead inc flu hosp","2023-05-20","CA","quantile","0.75","38.00","state"
"2023-05-09","2 wk ahead inc flu hosp","2023-05-20","CA","quantile","0.8","41.20","state"
"2023-05-09","2 wk ahead inc flu hosp","2023-05-20","CA","quantile","0.85","45.00","state"
"2023-05-09","2 wk ahead inc flu hosp","2023-05-20","CA","quantile","0.9","51.00","state"
"2023-05-09","2 wk ahead inc flu hosp","2023-05-20","CA","quantile","0.95","56.05","state"
"2023-05-09","2 wk ahead inc flu hosp","2023-05-20","CA","quantile","0.975","60.00","state"
"2023-05-09","2 wk ahead inc flu hosp","2023-05-20","CA","quantile","0.99","65.00","state"
"2023-05-09","2 wk ahead inc flu hosp","2023-05-20","CA","point",NA,"29.00","state"
"2023-05-09","3 wk ahead inc flu hosp","2023-05-27","CA","quantile","0.01","10.00","state"
"2023-05-09","3 wk ahead inc flu hosp","2023-05-27","CA","quantile","0.025","11.00","state"
"2023-05-09","3 wk ahead inc flu hosp","2023-05-27","CA","quantile","0.05","13.00","state"
"2023-05-09","3 wk ahead inc flu hosp","2023-05-27","CA","quantile","0.1","15.00","state"
"2023-05-09","3 wk ahead inc flu hosp","2023-05-27","CA","quantile","0.15","17.85","state"
"2023-05-09","3 wk ahead inc flu hosp","2023-05-27","CA","quantile","0.2","19.00","state"
"2023-05-09","3 wk ahead inc flu hosp","2023-05-27","CA","quantile","0.25","21.00","state"
"2023-05-09","3 wk ahead inc flu hosp","2023-05-27","CA","quantile","0.3","22.00","state"
"2023-05-09","3 wk ahead inc flu hosp","2023-05-27","CA","quantile","0.35","24.00","state"
"2023-05-09","3 wk ahead inc flu hosp","2023-05-27","CA","quantile","0.4","26.00","state"
"2023-05-09","3 wk ahead inc flu hosp","2023-05-27","CA","quantile","0.45","27.00","state"
"2023-05-09","3 wk ahead inc flu hosp","2023-05-27","CA","quantile","0.5","29.00","state"
"2023-05-09","3 wk ahead inc flu hosp","2023-05-27","CA","quantile","0.55","31.00","state"
"2023-05-09","3 wk ahead inc flu hosp","2023-05-27","CA","quantile","0.6","32.00","state"
"2023-05-09","3 wk ahead inc flu hosp","2023-05-27","CA","quantile","0.65","35.00","state"
"2023-05-09","3 wk ahead inc flu hosp","2023-05-27","CA","quantile","0.7","36.00","state"
"2023-05-09","3 wk ahead inc flu hosp","2023-05-27","CA","quantile","0.75","39.00","state"
"2023-05-09","3 wk ahead inc flu hosp","2023-05-27","CA","quantile","0.8","42.00","state"
"2023-05-09","3 wk ahead inc flu hosp","2023-05-27","CA","quantile","0.85","44.00","state"
"2023-05-09","3 wk ahead inc flu hosp","2023-05-27","CA","quantile","0.9","51.00","state"
"2023-05-09","3 wk ahead inc flu hosp","2023-05-27","CA","quantile","0.95","56.00","state"
"2023-05-09","3 wk ahead inc flu hosp","2023-05-27","CA","quantile","0.975","59.00","state"
"2023-05-09","3 wk ahead inc flu hosp","2023-05-27","CA","quantile","0.99","63.01","state"
"2023-05-09","3 wk ahead inc flu hosp","2023-05-27","CA","point",NA,"29.00","state"
"2023-05-09","4 wk ahead inc flu hosp","2023-06-03","CA","quantile","0.01","10.00","state"
"2023-05-09","4 wk ahead inc flu hosp","2023-06-03","CA","quantile","0.025","11.00","state"
"2023-05-09","4 wk ahead inc flu hosp","2023-06-03","CA","quantile","0.05","13.00","state"
"2023-05-09","4 wk ahead inc flu hosp","2023-06-03","CA","quantile","0.1","15.00","state"
"2023-05-09","4 wk ahead inc flu hosp","2023-06-03","CA","quantile","0.15","18.00","state"
"2023-05-09","4 wk ahead inc flu hosp","2023-06-03","CA","quantile","0.2","20.00","state"
"2023-05-09","4 wk ahead inc flu hosp","2023-06-03","CA","quantile","0.25","21.00","state"
"2023-05-09","4 wk ahead inc flu hosp","2023-06-03","CA","quantile","0.3","23.00","state"
"2023-05-09","4 wk ahead inc flu hosp","2023-06-03","CA","quantile","0.35","25.00","state"
"2023-05-09","4 wk ahead inc flu hosp","2023-06-03","CA","quantile","0.4","26.00","state"
"2023-05-09","4 wk ahead inc flu hosp","2023-06-03","CA","quantile","0.45","28.00","state"
"2023-05-09","4 wk ahead inc flu hosp","2023-06-03","CA","quantile","0.5","29.00","state"
"2023-05-09","4 wk ahead inc flu hosp","2023-06-03","CA","quantile","0.55","31.00","state"
"2023-05-09","4 wk ahead inc flu hosp","2023-06-03","CA","quantile","0.6","33.00","state"
"2023-05-09","4 wk ahead inc flu hosp","2023-06-03","CA","quantile","0.65","35.00","state"
"2023-05-09","4 wk ahead inc flu hosp","2023-06-03","CA","quantile","0.7","37.00","state"
"2023-05-09","4 wk ahead inc flu hosp","2023-06-03","CA","quantile","0.75","39.00","state"
"2023-05-09","4 wk ahead inc flu hosp","2023-06-03","CA","quantile","0.8","42.00","state"
"2023-05-09","4 wk ahead inc flu hosp","2023-06-03","CA","quantile","0.85","44.00","state"
"2023-05-09","4 wk ahead inc flu hosp","2023-06-03","CA","quantile","0.9","50.00","state"
"2023-05-09","4 wk ahead inc flu hosp","2023-06-03","CA","quantile","0.95","56.00","state"
"2023-05-09","4 wk ahead inc flu hosp","2023-06-03","CA","quantile","0.975","58.02","state"
"2023-05-09","4 wk ahead inc flu hosp","2023-06-03","CA","quantile","0.99","63.00","state"
"2023-05-09","4 wk ahead inc flu hosp","2023-06-03","CA","point",NA,"29.00","state"
"2023-05-09","1 wk ahead inc flu hosp","2023-05-13","Bay Area  (ABAHO)","quantile","0.01"," 3.00","region_healthofficer"
"2023-05-09","1 wk ahead inc flu hosp","2023-05-13","Bay Area  (ABAHO)","quantile","0.025"," 4.00","region_healthofficer"
"2023-05-09","1 wk ahead inc flu hosp","2023-05-13","Bay Area  (ABAHO)","quantile","0.05"," 5.00","region_healthofficer"
"2023-05-09","1 wk ahead inc flu hosp","2023-05-13","Bay Area  (ABAHO)","quantile","0.1"," 6.00","region_healthofficer"
"2023-05-09","1 wk ahead inc flu hosp","2023-05-13","Bay Area  (ABAHO)","quantile","0.15"," 7.00","region_healthofficer"
"2023-05-09","1 wk ahead inc flu hosp","2023-05-13","Bay Area  (ABAHO)","quantile","0.2"," 8.00","region_healthofficer"
"2023-05-09","1 wk ahead inc flu hosp","2023-05-13","Bay Area  (ABAHO)","quantile","0.25"," 9.00","region_healthofficer"
"2023-05-09","1 wk ahead inc flu hosp","2023-05-13","Bay Area  (ABAHO)","quantile","0.3"," 9.00","region_healthofficer"
"2023-05-09","1 wk ahead inc flu hosp","2023-05-13","Bay Area  (ABAHO)","quantile","0.35","10.00","region_healthofficer"
"2023-05-09","1 wk ahead inc flu hosp","2023-05-13","Bay Area  (ABAHO)","quantile","0.4","10.00","region_healthofficer"
"2023-05-09","1 wk ahead inc flu hosp","2023-05-13","Bay Area  (ABAHO)","quantile","0.45","11.00","region_healthofficer"
"2023-05-09","1 wk ahead inc flu hosp","2023-05-13","Bay Area  (ABAHO)","quantile","0.5","12.00","region_healthofficer"
"2023-05-09","1 wk ahead inc flu hosp","2023-05-13","Bay Area  (ABAHO)","quantile","0.55","12.00","region_healthofficer"
"2023-05-09","1 wk ahead inc flu hosp","2023-05-13","Bay Area  (ABAHO)","quantile","0.6","13.00","region_healthofficer"
"2023-05-09","1 wk ahead inc flu hosp","2023-05-13","Bay Area  (ABAHO)","quantile","0.65","14.00","region_healthofficer"
"2023-05-09","1 wk ahead inc flu hosp","2023-05-13","Bay Area  (ABAHO)","quantile","0.7","15.00","region_healthofficer"
"2023-05-09","1 wk ahead inc flu hosp","2023-05-13","Bay Area  (ABAHO)","quantile","0.75","15.00","region_healthofficer"
"2023-05-09","1 wk ahead inc flu hosp","2023-05-13","Bay Area  (ABAHO)","quantile","0.8","16.00","region_healthofficer"
"2023-05-09","1 wk ahead inc flu hosp","2023-05-13","Bay Area  (ABAHO)","quantile","0.85","18.00","region_healthofficer"
"2023-05-09","1 wk ahead inc flu hosp","2023-05-13","Bay Area  (ABAHO)","quantile","0.9","19.00","region_healthofficer"
"2023-05-09","1 wk ahead inc flu hosp","2023-05-13","Bay Area  (ABAHO)","quantile","0.95","21.00","region_healthofficer"
"2023-05-09","1 wk ahead inc flu hosp","2023-05-13","Bay Area  (ABAHO)","quantile","0.975","23.00","region_healthofficer"
"2023-05-09","1 wk ahead inc flu hosp","2023-05-13","Bay Area  (ABAHO)","quantile","0.99","25.00","region_healthofficer"
"2023-05-09","1 wk ahead inc flu hosp","2023-05-13","Bay Area  (ABAHO)","point",NA,"12.00","region_healthofficer"
"2023-05-09","2 wk ahead inc flu hosp","2023-05-20","Bay Area  (ABAHO)","quantile","0.01"," 3.00","region_healthofficer"
"2023-05-09","2 wk ahead inc flu hosp","2023-05-20","Bay Area  (ABAHO)","quantile","0.025"," 4.00","region_healthofficer"
"2023-05-09","2 wk ahead inc flu hosp","2023-05-20","Bay Area  (ABAHO)","quantile","0.05"," 5.00","region_healthofficer"
"2023-05-09","2 wk ahead inc flu hosp","2023-05-20","Bay Area  (ABAHO)","quantile","0.1"," 7.00","region_healthofficer"
"2023-05-09","2 wk ahead inc flu hosp","2023-05-20","Bay Area  (ABAHO)","quantile","0.15"," 7.85","region_healthofficer"
"2023-05-09","2 wk ahead inc flu hosp","2023-05-20","Bay Area  (ABAHO)","quantile","0.2"," 8.00","region_healthofficer"
"2023-05-09","2 wk ahead inc flu hosp","2023-05-20","Bay Area  (ABAHO)","quantile","0.25"," 9.00","region_healthofficer"
"2023-05-09","2 wk ahead inc flu hosp","2023-05-20","Bay Area  (ABAHO)","quantile","0.3","10.00","region_healthofficer"
"2023-05-09","2 wk ahead inc flu hosp","2023-05-20","Bay Area  (ABAHO)","quantile","0.35","10.00","region_healthofficer"
"2023-05-09","2 wk ahead inc flu hosp","2023-05-20","Bay Area  (ABAHO)","quantile","0.4","11.00","region_healthofficer"
"2023-05-09","2 wk ahead inc flu hosp","2023-05-20","Bay Area  (ABAHO)","quantile","0.45","11.00","region_healthofficer"
"2023-05-09","2 wk ahead inc flu hosp","2023-05-20","Bay Area  (ABAHO)","quantile","0.5","12.00","region_healthofficer"
"2023-05-09","2 wk ahead inc flu hosp","2023-05-20","Bay Area  (ABAHO)","quantile","0.55","12.00","region_healthofficer"
"2023-05-09","2 wk ahead inc flu hosp","2023-05-20","Bay Area  (ABAHO)","quantile","0.6","13.00","region_healthofficer"
"2023-05-09","2 wk ahead inc flu hosp","2023-05-20","Bay Area  (ABAHO)","quantile","0.65","14.00","region_healthofficer"
"2023-05-09","2 wk ahead inc flu hosp","2023-05-20","Bay Area  (ABAHO)","quantile","0.7","15.00","region_healthofficer"
"2023-05-09","2 wk ahead inc flu hosp","2023-05-20","Bay Area  (ABAHO)","quantile","0.75","16.00","region_healthofficer"
"2023-05-09","2 wk ahead inc flu hosp","2023-05-20","Bay Area  (ABAHO)","quantile","0.8","16.00","region_healthofficer"
"2023-05-09","2 wk ahead inc flu hosp","2023-05-20","Bay Area  (ABAHO)","quantile","0.85","18.00","region_healthofficer"
"2023-05-09","2 wk ahead inc flu hosp","2023-05-20","Bay Area  (ABAHO)","quantile","0.9","19.00","region_healthofficer"
"2023-05-09","2 wk ahead inc flu hosp","2023-05-20","Bay Area  (ABAHO)","quantile","0.95","22.00","region_healthofficer"
"2023-05-09","2 wk ahead inc flu hosp","2023-05-20","Bay Area  (ABAHO)","quantile","0.975","24.00","region_healthofficer"
"2023-05-09","2 wk ahead inc flu hosp","2023-05-20","Bay Area  (ABAHO)","quantile","0.99","26.01","region_healthofficer"
"2023-05-09","2 wk ahead inc flu hosp","2023-05-20","Bay Area  (ABAHO)","point",NA,"12.00","region_healthofficer"
"2023-05-09","3 wk ahead inc flu hosp","2023-05-27","Bay Area  (ABAHO)","quantile","0.01"," 3.00","region_healthofficer"
"2023-05-09","3 wk ahead inc flu hosp","2023-05-27","Bay Area  (ABAHO)","quantile","0.025"," 4.00","region_healthofficer"
"2023-05-09","3 wk ahead inc flu hosp","2023-05-27","Bay Area  (ABAHO)","quantile","0.05"," 5.00","region_healthofficer"
"2023-05-09","3 wk ahead inc flu hosp","2023-05-27","Bay Area  (ABAHO)","quantile","0.1"," 6.00","region_healthofficer"
"2023-05-09","3 wk ahead inc flu hosp","2023-05-27","Bay Area  (ABAHO)","quantile","0.15"," 7.00","region_healthofficer"
"2023-05-09","3 wk ahead inc flu hosp","2023-05-27","Bay Area  (ABAHO)","quantile","0.2"," 8.00","region_healthofficer"
"2023-05-09","3 wk ahead inc flu hosp","2023-05-27","Bay Area  (ABAHO)","quantile","0.25"," 9.00","region_healthofficer"
"2023-05-09","3 wk ahead inc flu hosp","2023-05-27","Bay Area  (ABAHO)","quantile","0.3"," 9.00","region_healthofficer"
"2023-05-09","3 wk ahead inc flu hosp","2023-05-27","Bay Area  (ABAHO)","quantile","0.35","10.00","region_healthofficer"
"2023-05-09","3 wk ahead inc flu hosp","2023-05-27","Bay Area  (ABAHO)","quantile","0.4","11.00","region_healthofficer"
"2023-05-09","3 wk ahead inc flu hosp","2023-05-27","Bay Area  (ABAHO)","quantile","0.45","11.00","region_healthofficer"
"2023-05-09","3 wk ahead inc flu hosp","2023-05-27","Bay Area  (ABAHO)","quantile","0.5","12.00","region_healthofficer"
"2023-05-09","3 wk ahead inc flu hosp","2023-05-27","Bay Area  (ABAHO)","quantile","0.55","13.00","region_healthofficer"
"2023-05-09","3 wk ahead inc flu hosp","2023-05-27","Bay Area  (ABAHO)","quantile","0.6","14.00","region_healthofficer"
"2023-05-09","3 wk ahead inc flu hosp","2023-05-27","Bay Area  (ABAHO)","quantile","0.65","14.00","region_healthofficer"
"2023-05-09","3 wk ahead inc flu hosp","2023-05-27","Bay Area  (ABAHO)","quantile","0.7","15.00","region_healthofficer"
"2023-05-09","3 wk ahead inc flu hosp","2023-05-27","Bay Area  (ABAHO)","quantile","0.75","16.00","region_healthofficer"
"2023-05-09","3 wk ahead inc flu hosp","2023-05-27","Bay Area  (ABAHO)","quantile","0.8","17.00","region_healthofficer"
"2023-05-09","3 wk ahead inc flu hosp","2023-05-27","Bay Area  (ABAHO)","quantile","0.85","18.00","region_healthofficer"
"2023-05-09","3 wk ahead inc flu hosp","2023-05-27","Bay Area  (ABAHO)","quantile","0.9","19.00","region_healthofficer"
"2023-05-09","3 wk ahead inc flu hosp","2023-05-27","Bay Area  (ABAHO)","quantile","0.95","21.00","region_healthofficer"
"2023-05-09","3 wk ahead inc flu hosp","2023-05-27","Bay Area  (ABAHO)","quantile","0.975","23.00","region_healthofficer"
"2023-05-09","3 wk ahead inc flu hosp","2023-05-27","Bay Area  (ABAHO)","quantile","0.99","25.00","region_healthofficer"
"2023-05-09","3 wk ahead inc flu hosp","2023-05-27","Bay Area  (ABAHO)","point",NA,"12.00","region_healthofficer"
"2023-05-09","4 wk ahead inc flu hosp","2023-06-03","Bay Area  (ABAHO)","quantile","0.01"," 4.00","region_healthofficer"
"2023-05-09","4 wk ahead inc flu hosp","2023-06-03","Bay Area  (ABAHO)","quantile","0.025"," 4.00","region_healthofficer"
"2023-05-09","4 wk ahead inc flu hosp","2023-06-03","Bay Area  (ABAHO)","quantile","0.05"," 6.00","region_healthofficer"
"2023-05-09","4 wk ahead inc flu hosp","2023-06-03","Bay Area  (ABAHO)","quantile","0.1"," 7.00","region_healthofficer"
"2023-05-09","4 wk ahead inc flu hosp","2023-06-03","Bay Area  (ABAHO)","quantile","0.15"," 7.00","region_healthofficer"
"2023-05-09","4 wk ahead inc flu hosp","2023-06-03","Bay Area  (ABAHO)","quantile","0.2"," 8.00","region_healthofficer"
"2023-05-09","4 wk ahead inc flu hosp","2023-06-03","Bay Area  (ABAHO)","quantile","0.25"," 9.00","region_healthofficer"
"2023-05-09","4 wk ahead inc flu hosp","2023-06-03","Bay Area  (ABAHO)","quantile","0.3","10.00","region_healthofficer"
"2023-05-09","4 wk ahead inc flu hosp","2023-06-03","Bay Area  (ABAHO)","quantile","0.35","10.00","region_healthofficer"
"2023-05-09","4 wk ahead inc flu hosp","2023-06-03","Bay Area  (ABAHO)","quantile","0.4","11.00","region_healthofficer"
"2023-05-09","4 wk ahead inc flu hosp","2023-06-03","Bay Area  (ABAHO)","quantile","0.45","11.55","region_healthofficer"
"2023-05-09","4 wk ahead inc flu hosp","2023-06-03","Bay Area  (ABAHO)","quantile","0.5","12.00","region_healthofficer"
"2023-05-09","4 wk ahead inc flu hosp","2023-06-03","Bay Area  (ABAHO)","quantile","0.55","13.00","region_healthofficer"
"2023-05-09","4 wk ahead inc flu hosp","2023-06-03","Bay Area  (ABAHO)","quantile","0.6","14.00","region_healthofficer"
"2023-05-09","4 wk ahead inc flu hosp","2023-06-03","Bay Area  (ABAHO)","quantile","0.65","14.00","region_healthofficer"
"2023-05-09","4 wk ahead inc flu hosp","2023-06-03","Bay Area  (ABAHO)","quantile","0.7","15.00","region_healthofficer"
"2023-05-09","4 wk ahead inc flu hosp","2023-06-03","Bay Area  (ABAHO)","quantile","0.75","16.00","region_healthofficer"
"2023-05-09","4 wk ahead inc flu hosp","2023-06-03","Bay Area  (ABAHO)","quantile","0.8","17.00","region_healthofficer"
"2023-05-09","4 wk ahead inc flu hosp","2023-06-03","Bay Area  (ABAHO)","quantile","0.85","18.00","region_healthofficer"
"2023-05-09","4 wk ahead inc flu hosp","2023-06-03","Bay Area  (ABAHO)","quantile","0.9","19.00","region_healthofficer"
"2023-05-09","4 wk ahead inc flu hosp","2023-06-03","Bay Area  (ABAHO)","quantile","0.95","21.00","region_healthofficer"
"2023-05-09","4 wk ahead inc flu hosp","2023-06-03","Bay Area  (ABAHO)","quantile","0.975","23.00","region_healthofficer"
"2023-05-09","4 wk ahead inc flu hosp","2023-06-03","Bay Area  (ABAHO)","quantile","0.99","26.00","region_healthofficer"
"2023-05-09","4 wk ahead inc flu hosp","2023-06-03","Bay Area  (ABAHO)","point",NA,"12.00","region_healthofficer"
"2023-05-09","1 wk ahead inc flu hosp","2023-05-13","Greater Sacramento","quantile","0.01","0.00","region_healthofficer"
"2023-05-09","1 wk ahead inc flu hosp","2023-05-13","Greater Sacramento","quantile","0.025","0.00","region_healthofficer"
"2023-05-09","1 wk ahead inc flu hosp","2023-05-13","Greater Sacramento","quantile","0.05","0.00","region_healthofficer"
"2023-05-09","1 wk ahead inc flu hosp","2023-05-13","Greater Sacramento","quantile","0.1","0.00","region_healthofficer"
"2023-05-09","1 wk ahead inc flu hosp","2023-05-13","Greater Sacramento","quantile","0.15","0.00","region_healthofficer"
"2023-05-09","1 wk ahead inc flu hosp","2023-05-13","Greater Sacramento","quantile","0.2","0.00","region_healthofficer"
"2023-05-09","1 wk ahead inc flu hosp","2023-05-13","Greater Sacramento","quantile","0.25","0.00","region_healthofficer"
"2023-05-09","1 wk ahead inc flu hosp","2023-05-13","Greater Sacramento","quantile","0.3","0.00","region_healthofficer"
"2023-05-09","1 wk ahead inc flu hosp","2023-05-13","Greater Sacramento","quantile","0.35","0.00","region_healthofficer"
"2023-05-09","1 wk ahead inc flu hosp","2023-05-13","Greater Sacramento","quantile","0.4","0.00","region_healthofficer"
"2023-05-09","1 wk ahead inc flu hosp","2023-05-13","Greater Sacramento","quantile","0.45","0.00","region_healthofficer"
"2023-05-09","1 wk ahead inc flu hosp","2023-05-13","Greater Sacramento","quantile","0.5","0.00","region_healthofficer"
"2023-05-09","1 wk ahead inc flu hosp","2023-05-13","Greater Sacramento","quantile","0.55","0.00","region_healthofficer"
"2023-05-09","1 wk ahead inc flu hosp","2023-05-13","Greater Sacramento","quantile","0.6","0.00","region_healthofficer"
"2023-05-09","1 wk ahead inc flu hosp","2023-05-13","Greater Sacramento","quantile","0.65","0.00","region_healthofficer"
"2023-05-09","1 wk ahead inc flu hosp","2023-05-13","Greater Sacramento","quantile","0.7","0.00","region_healthofficer"
"2023-05-09","1 wk ahead inc flu hosp","2023-05-13","Greater Sacramento","quantile","0.75","0.00","region_healthofficer"
"2023-05-09","1 wk ahead inc flu hosp","2023-05-13","Greater Sacramento","quantile","0.8","0.00","region_healthofficer"
"2023-05-09","1 wk ahead inc flu hosp","2023-05-13","Greater Sacramento","quantile","0.85","0.00","region_healthofficer"
"2023-05-09","1 wk ahead inc flu hosp","2023-05-13","Greater Sacramento","quantile","0.9","1.00","region_healthofficer"
"2023-05-09","1 wk ahead inc flu hosp","2023-05-13","Greater Sacramento","quantile","0.95","1.00","region_healthofficer"
"2023-05-09","1 wk ahead inc flu hosp","2023-05-13","Greater Sacramento","quantile","0.975","2.00","region_healthofficer"
"2023-05-09","1 wk ahead inc flu hosp","2023-05-13","Greater Sacramento","quantile","0.99","3.00","region_healthofficer"
"2023-05-09","1 wk ahead inc flu hosp","2023-05-13","Greater Sacramento","point",NA,"0.00","region_healthofficer"
"2023-05-09","2 wk ahead inc flu hosp","2023-05-20","Greater Sacramento","quantile","0.01","0.00","region_healthofficer"
"2023-05-09","2 wk ahead inc flu hosp","2023-05-20","Greater Sacramento","quantile","0.025","0.00","region_healthofficer"
"2023-05-09","2 wk ahead inc flu hosp","2023-05-20","Greater Sacramento","quantile","0.05","0.00","region_healthofficer"
"2023-05-09","2 wk ahead inc flu hosp","2023-05-20","Greater Sacramento","quantile","0.1","0.00","region_healthofficer"
"2023-05-09","2 wk ahead inc flu hosp","2023-05-20","Greater Sacramento","quantile","0.15","0.00","region_healthofficer"
"2023-05-09","2 wk ahead inc flu hosp","2023-05-20","Greater Sacramento","quantile","0.2","0.00","region_healthofficer"
"2023-05-09","2 wk ahead inc flu hosp","2023-05-20","Greater Sacramento","quantile","0.25","0.00","region_healthofficer"
"2023-05-09","2 wk ahead inc flu hosp","2023-05-20","Greater Sacramento","quantile","0.3","0.00","region_healthofficer"
"2023-05-09","2 wk ahead inc flu hosp","2023-05-20","Greater Sacramento","quantile","0.35","0.00","region_healthofficer"
"2023-05-09","2 wk ahead inc flu hosp","2023-05-20","Greater Sacramento","quantile","0.4","0.00","region_healthofficer"
"2023-05-09","2 wk ahead inc flu hosp","2023-05-20","Greater Sacramento","quantile","0.45","0.00","region_healthofficer"
"2023-05-09","2 wk ahead inc flu hosp","2023-05-20","Greater Sacramento","quantile","0.5","0.00","region_healthofficer"
"2023-05-09","2 wk ahead inc flu hosp","2023-05-20","Greater Sacramento","quantile","0.55","0.00","region_healthofficer"
"2023-05-09","2 wk ahead inc flu hosp","2023-05-20","Greater Sacramento","quantile","0.6","0.00","region_healthofficer"
"2023-05-09","2 wk ahead inc flu hosp","2023-05-20","Greater Sacramento","quantile","0.65","0.00","region_healthofficer"
"2023-05-09","2 wk ahead inc flu hosp","2023-05-20","Greater Sacramento","quantile","0.7","0.00","region_healthofficer"
"2023-05-09","2 wk ahead inc flu hosp","2023-05-20","Greater Sacramento","quantile","0.75","0.00","region_healthofficer"
"2023-05-09","2 wk ahead inc flu hosp","2023-05-20","Greater Sacramento","quantile","0.8","0.00","region_healthofficer"
"2023-05-09","2 wk ahead inc flu hosp","2023-05-20","Greater Sacramento","quantile","0.85","0.00","region_healthofficer"
"2023-05-09","2 wk ahead inc flu hosp","2023-05-20","Greater Sacramento","quantile","0.9","1.00","region_healthofficer"
"2023-05-09","2 wk ahead inc flu hosp","2023-05-20","Greater Sacramento","quantile","0.95","1.00","region_healthofficer"
"2023-05-09","2 wk ahead inc flu hosp","2023-05-20","Greater Sacramento","quantile","0.975","2.00","region_healthofficer"
"2023-05-09","2 wk ahead inc flu hosp","2023-05-20","Greater Sacramento","quantile","0.99","3.00","region_healthofficer"
"2023-05-09","2 wk ahead inc flu hosp","2023-05-20","Greater Sacramento","point",NA,"0.00","region_healthofficer"
"2023-05-09","3 wk ahead inc flu hosp","2023-05-27","Greater Sacramento","quantile","0.01","0.00","region_healthofficer"
"2023-05-09","3 wk ahead inc flu hosp","2023-05-27","Greater Sacramento","quantile","0.025","0.00","region_healthofficer"
"2023-05-09","3 wk ahead inc flu hosp","2023-05-27","Greater Sacramento","quantile","0.05","0.00","region_healthofficer"
"2023-05-09","3 wk ahead inc flu hosp","2023-05-27","Greater Sacramento","quantile","0.1","0.00","region_healthofficer"
"2023-05-09","3 wk ahead inc flu hosp","2023-05-27","Greater Sacramento","quantile","0.15","0.00","region_healthofficer"
"2023-05-09","3 wk ahead inc flu hosp","2023-05-27","Greater Sacramento","quantile","0.2","0.00","region_healthofficer"
"2023-05-09","3 wk ahead inc flu hosp","2023-05-27","Greater Sacramento","quantile","0.25","0.00","region_healthofficer"
"2023-05-09","3 wk ahead inc flu hosp","2023-05-27","Greater Sacramento","quantile","0.3","0.00","region_healthofficer"
"2023-05-09","3 wk ahead inc flu hosp","2023-05-27","Greater Sacramento","quantile","0.35","0.00","region_healthofficer"
"2023-05-09","3 wk ahead inc flu hosp","2023-05-27","Greater Sacramento","quantile","0.4","0.00","region_healthofficer"
"2023-05-09","3 wk ahead inc flu hosp","2023-05-27","Greater Sacramento","quantile","0.45","0.00","region_healthofficer"
"2023-05-09","3 wk ahead inc flu hosp","2023-05-27","Greater Sacramento","quantile","0.5","0.00","region_healthofficer"
"2023-05-09","3 wk ahead inc flu hosp","2023-05-27","Greater Sacramento","quantile","0.55","0.00","region_healthofficer"
"2023-05-09","3 wk ahead inc flu hosp","2023-05-27","Greater Sacramento","quantile","0.6","0.00","region_healthofficer"
"2023-05-09","3 wk ahead inc flu hosp","2023-05-27","Greater Sacramento","quantile","0.65","0.00","region_healthofficer"
"2023-05-09","3 wk ahead inc flu hosp","2023-05-27","Greater Sacramento","quantile","0.7","0.00","region_healthofficer"
"2023-05-09","3 wk ahead inc flu hosp","2023-05-27","Greater Sacramento","quantile","0.75","0.00","region_healthofficer"
"2023-05-09","3 wk ahead inc flu hosp","2023-05-27","Greater Sacramento","quantile","0.8","0.00","region_healthofficer"
"2023-05-09","3 wk ahead inc flu hosp","2023-05-27","Greater Sacramento","quantile","0.85","0.00","region_healthofficer"
"2023-05-09","3 wk ahead inc flu hosp","2023-05-27","Greater Sacramento","quantile","0.9","1.00","region_healthofficer"
"2023-05-09","3 wk ahead inc flu hosp","2023-05-27","Greater Sacramento","quantile","0.95","2.00","region_healthofficer"
"2023-05-09","3 wk ahead inc flu hosp","2023-05-27","Greater Sacramento","quantile","0.975","2.00","region_healthofficer"
"2023-05-09","3 wk ahead inc flu hosp","2023-05-27","Greater Sacramento","quantile","0.99","3.00","region_healthofficer"
"2023-05-09","3 wk ahead inc flu hosp","2023-05-27","Greater Sacramento","point",NA,"0.00","region_healthofficer"
"2023-05-09","4 wk ahead inc flu hosp","2023-06-03","Greater Sacramento","quantile","0.01","0.00","region_healthofficer"
"2023-05-09","4 wk ahead inc flu hosp","2023-06-03","Greater Sacramento","quantile","0.025","0.00","region_healthofficer"
"2023-05-09","4 wk ahead inc flu hosp","2023-06-03","Greater Sacramento","quantile","0.05","0.00","region_healthofficer"
"2023-05-09","4 wk ahead inc flu hosp","2023-06-03","Greater Sacramento","quantile","0.1","0.00","region_healthofficer"
"2023-05-09","4 wk ahead inc flu hosp","2023-06-03","Greater Sacramento","quantile","0.15","0.00","region_healthofficer"
"2023-05-09","4 wk ahead inc flu hosp","2023-06-03","Greater Sacramento","quantile","0.2","0.00","region_healthofficer"
"2023-05-09","4 wk ahead inc flu hosp","2023-06-03","Greater Sacramento","quantile","0.25","0.00","region_healthofficer"
"2023-05-09","4 wk ahead inc flu hosp","2023-06-03","Greater Sacramento","quantile","0.3","0.00","region_healthofficer"
"2023-05-09","4 wk ahead inc flu hosp","2023-06-03","Greater Sacramento","quantile","0.35","0.00","region_healthofficer"
"2023-05-09","4 wk ahead inc flu hosp","2023-06-03","Greater Sacramento","quantile","0.4","0.00","region_healthofficer"
"2023-05-09","4 wk ahead inc flu hosp","2023-06-03","Greater Sacramento","quantile","0.45","0.00","region_healthofficer"
"2023-05-09","4 wk ahead inc flu hosp","2023-06-03","Greater Sacramento","quantile","0.5","0.00","region_healthofficer"
"2023-05-09","4 wk ahead inc flu hosp","2023-06-03","Greater Sacramento","quantile","0.55","0.00","region_healthofficer"
"2023-05-09","4 wk ahead inc flu hosp","2023-06-03","Greater Sacramento","quantile","0.6","0.00","region_healthofficer"
"2023-05-09","4 wk ahead inc flu hosp","2023-06-03","Greater Sacramento","quantile","0.65","0.00","region_healthofficer"
"2023-05-09","4 wk ahead inc flu hosp","2023-06-03","Greater Sacramento","quantile","0.7","0.00","region_healthofficer"
"2023-05-09","4 wk ahead inc flu hosp","2023-06-03","Greater Sacramento","quantile","0.75","0.00","region_healthofficer"
"2023-05-09","4 wk ahead inc flu hosp","2023-06-03","Greater Sacramento","quantile","0.8","0.00","region_healthofficer"
"2023-05-09","4 wk ahead inc flu hosp","2023-06-03","Greater Sacramento","quantile","0.85","0.00","region_healthofficer"
"2023-05-09","4 wk ahead inc flu hosp","2023-06-03","Greater Sacramento","quantile","0.9","0.00","region_healthofficer"
"2023-05-09","4 wk ahead inc flu hosp","2023-06-03","Greater Sacramento","quantile","0.95","1.00","region_healthofficer"
"2023-05-09","4 wk ahead inc flu hosp","2023-06-03","Greater Sacramento","quantile","0.975","2.00","region_healthofficer"
"2023-05-09","4 wk ahead inc flu hosp","2023-06-03","Greater Sacramento","quantile","0.99","2.00","region_healthofficer"
"2023-05-09","4 wk ahead inc flu hosp","2023-06-03","Greater Sacramento","point",NA,"0.00","region_healthofficer"
"2023-05-09","1 wk ahead inc flu hosp","2023-05-13","San Joaquin Valley (SJVC)","quantile","0.01","0.00","region_healthofficer"
"2023-05-09","1 wk ahead inc flu hosp","2023-05-13","San Joaquin Valley (SJVC)","quantile","0.025","0.00","region_healthofficer"
"2023-05-09","1 wk ahead inc flu hosp","2023-05-13","San Joaquin Valley (SJVC)","quantile","0.05","0.00","region_healthofficer"
"2023-05-09","1 wk ahead inc flu hosp","2023-05-13","San Joaquin Valley (SJVC)","quantile","0.1","0.00","region_healthofficer"
"2023-05-09","1 wk ahead inc flu hosp","2023-05-13","San Joaquin Valley (SJVC)","quantile","0.15","1.00","region_healthofficer"
"2023-05-09","1 wk ahead inc flu hosp","2023-05-13","San Joaquin Valley (SJVC)","quantile","0.2","1.00","region_healthofficer"
"2023-05-09","1 wk ahead inc flu hosp","2023-05-13","San Joaquin Valley (SJVC)","quantile","0.25","1.00","region_healthofficer"
"2023-05-09","1 wk ahead inc flu hosp","2023-05-13","San Joaquin Valley (SJVC)","quantile","0.3","1.00","region_healthofficer"
"2023-05-09","1 wk ahead inc flu hosp","2023-05-13","San Joaquin Valley (SJVC)","quantile","0.35","2.00","region_healthofficer"
"2023-05-09","1 wk ahead inc flu hosp","2023-05-13","San Joaquin Valley (SJVC)","quantile","0.4","2.00","region_healthofficer"
"2023-05-09","1 wk ahead inc flu hosp","2023-05-13","San Joaquin Valley (SJVC)","quantile","0.45","2.00","region_healthofficer"
"2023-05-09","1 wk ahead inc flu hosp","2023-05-13","San Joaquin Valley (SJVC)","quantile","0.5","2.00","region_healthofficer"
"2023-05-09","1 wk ahead inc flu hosp","2023-05-13","San Joaquin Valley (SJVC)","quantile","0.55","3.00","region_healthofficer"
"2023-05-09","1 wk ahead inc flu hosp","2023-05-13","San Joaquin Valley (SJVC)","quantile","0.6","3.00","region_healthofficer"
"2023-05-09","1 wk ahead inc flu hosp","2023-05-13","San Joaquin Valley (SJVC)","quantile","0.65","3.00","region_healthofficer"
"2023-05-09","1 wk ahead inc flu hosp","2023-05-13","San Joaquin Valley (SJVC)","quantile","0.7","3.00","region_healthofficer"
"2023-05-09","1 wk ahead inc flu hosp","2023-05-13","San Joaquin Valley (SJVC)","quantile","0.75","4.00","region_healthofficer"
"2023-05-09","1 wk ahead inc flu hosp","2023-05-13","San Joaquin Valley (SJVC)","quantile","0.8","4.00","region_healthofficer"
"2023-05-09","1 wk ahead inc flu hosp","2023-05-13","San Joaquin Valley (SJVC)","quantile","0.85","4.00","region_healthofficer"
"2023-05-09","1 wk ahead inc flu hosp","2023-05-13","San Joaquin Valley (SJVC)","quantile","0.9","5.00","region_healthofficer"
"2023-05-09","1 wk ahead inc flu hosp","2023-05-13","San Joaquin Valley (SJVC)","quantile","0.95","6.00","region_healthofficer"
"2023-05-09","1 wk ahead inc flu hosp","2023-05-13","San Joaquin Valley (SJVC)","quantile","0.975","7.00","region_healthofficer"
"2023-05-09","1 wk ahead inc flu hosp","2023-05-13","San Joaquin Valley (SJVC)","quantile","0.99","8.00","region_healthofficer"
"2023-05-09","1 wk ahead inc flu hosp","2023-05-13","San Joaquin Valley (SJVC)","point",NA,"2.00","region_healthofficer"
"2023-05-09","2 wk ahead inc flu hosp","2023-05-20","San Joaquin Valley (SJVC)","quantile","0.01","0.00","region_healthofficer"
"2023-05-09","2 wk ahead inc flu hosp","2023-05-20","San Joaquin Valley (SJVC)","quantile","0.025","0.00","region_healthofficer"
"2023-05-09","2 wk ahead inc flu hosp","2023-05-20","San Joaquin Valley (SJVC)","quantile","0.05","0.00","region_healthofficer"
"2023-05-09","2 wk ahead inc flu hosp","2023-05-20","San Joaquin Valley (SJVC)","quantile","0.1","1.00","region_healthofficer"
"2023-05-09","2 wk ahead inc flu hosp","2023-05-20","San Joaquin Valley (SJVC)","quantile","0.15","1.00","region_healthofficer"
"2023-05-09","2 wk ahead inc flu hosp","2023-05-20","San Joaquin Valley (SJVC)","quantile","0.2","1.00","region_healthofficer"
"2023-05-09","2 wk ahead inc flu hosp","2023-05-20","San Joaquin Valley (SJVC)","quantile","0.25","1.00","region_healthofficer"
"2023-05-09","2 wk ahead inc flu hosp","2023-05-20","San Joaquin Valley (SJVC)","quantile","0.3","1.00","region_healthofficer"
"2023-05-09","2 wk ahead inc flu hosp","2023-05-20","San Joaquin Valley (SJVC)","quantile","0.35","2.00","region_healthofficer"
"2023-05-09","2 wk ahead inc flu hosp","2023-05-20","San Joaquin Valley (SJVC)","quantile","0.4","2.00","region_healthofficer"
"2023-05-09","2 wk ahead inc flu hosp","2023-05-20","San Joaquin Valley (SJVC)","quantile","0.45","2.00","region_healthofficer"
"2023-05-09","2 wk ahead inc flu hosp","2023-05-20","San Joaquin Valley (SJVC)","quantile","0.5","2.00","region_healthofficer"
"2023-05-09","2 wk ahead inc flu hosp","2023-05-20","San Joaquin Valley (SJVC)","quantile","0.55","3.00","region_healthofficer"
"2023-05-09","2 wk ahead inc flu hosp","2023-05-20","San Joaquin Valley (SJVC)","quantile","0.6","3.00","region_healthofficer"
"2023-05-09","2 wk ahead inc flu hosp","2023-05-20","San Joaquin Valley (SJVC)","quantile","0.65","3.00","region_healthofficer"
"2023-05-09","2 wk ahead inc flu hosp","2023-05-20","San Joaquin Valley (SJVC)","quantile","0.7","3.00","region_healthofficer"
"2023-05-09","2 wk ahead inc flu hosp","2023-05-20","San Joaquin Valley (SJVC)","quantile","0.75","4.00","region_healthofficer"
"2023-05-09","2 wk ahead inc flu hosp","2023-05-20","San Joaquin Valley (SJVC)","quantile","0.8","4.00","region_healthofficer"
"2023-05-09","2 wk ahead inc flu hosp","2023-05-20","San Joaquin Valley (SJVC)","quantile","0.85","5.00","region_healthofficer"
"2023-05-09","2 wk ahead inc flu hosp","2023-05-20","San Joaquin Valley (SJVC)","quantile","0.9","5.00","region_healthofficer"
"2023-05-09","2 wk ahead inc flu hosp","2023-05-20","San Joaquin Valley (SJVC)","quantile","0.95","6.00","region_healthofficer"
"2023-05-09","2 wk ahead inc flu hosp","2023-05-20","San Joaquin Valley (SJVC)","quantile","0.975","7.00","region_healthofficer"
"2023-05-09","2 wk ahead inc flu hosp","2023-05-20","San Joaquin Valley (SJVC)","quantile","0.99","8.00","region_healthofficer"
"2023-05-09","2 wk ahead inc flu hosp","2023-05-20","San Joaquin Valley (SJVC)","point",NA,"2.00","region_healthofficer"
"2023-05-09","3 wk ahead inc flu hosp","2023-05-27","San Joaquin Valley (SJVC)","quantile","0.01","0.00","region_healthofficer"
"2023-05-09","3 wk ahead inc flu hosp","2023-05-27","San Joaquin Valley (SJVC)","quantile","0.025","0.00","region_healthofficer"
"2023-05-09","3 wk ahead inc flu hosp","2023-05-27","San Joaquin Valley (SJVC)","quantile","0.05","0.00","region_healthofficer"
"2023-05-09","3 wk ahead inc flu hosp","2023-05-27","San Joaquin Valley (SJVC)","quantile","0.1","0.90","region_healthofficer"
"2023-05-09","3 wk ahead inc flu hosp","2023-05-27","San Joaquin Valley (SJVC)","quantile","0.15","1.00","region_healthofficer"
"2023-05-09","3 wk ahead inc flu hosp","2023-05-27","San Joaquin Valley (SJVC)","quantile","0.2","1.00","region_healthofficer"
"2023-05-09","3 wk ahead inc flu hosp","2023-05-27","San Joaquin Valley (SJVC)","quantile","0.25","1.00","region_healthofficer"
"2023-05-09","3 wk ahead inc flu hosp","2023-05-27","San Joaquin Valley (SJVC)","quantile","0.3","2.00","region_healthofficer"
"2023-05-09","3 wk ahead inc flu hosp","2023-05-27","San Joaquin Valley (SJVC)","quantile","0.35","2.00","region_healthofficer"
"2023-05-09","3 wk ahead inc flu hosp","2023-05-27","San Joaquin Valley (SJVC)","quantile","0.4","2.00","region_healthofficer"
"2023-05-09","3 wk ahead inc flu hosp","2023-05-27","San Joaquin Valley (SJVC)","quantile","0.45","2.00","region_healthofficer"
"2023-05-09","3 wk ahead inc flu hosp","2023-05-27","San Joaquin Valley (SJVC)","quantile","0.5","2.00","region_healthofficer"
"2023-05-09","3 wk ahead inc flu hosp","2023-05-27","San Joaquin Valley (SJVC)","quantile","0.55","3.00","region_healthofficer"
"2023-05-09","3 wk ahead inc flu hosp","2023-05-27","San Joaquin Valley (SJVC)","quantile","0.6","3.00","region_healthofficer"
"2023-05-09","3 wk ahead inc flu hosp","2023-05-27","San Joaquin Valley (SJVC)","quantile","0.65","3.00","region_healthofficer"
"2023-05-09","3 wk ahead inc flu hosp","2023-05-27","San Joaquin Valley (SJVC)","quantile","0.7","3.00","region_healthofficer"
"2023-05-09","3 wk ahead inc flu hosp","2023-05-27","San Joaquin Valley (SJVC)","quantile","0.75","4.00","region_healthofficer"
"2023-05-09","3 wk ahead inc flu hosp","2023-05-27","San Joaquin Valley (SJVC)","quantile","0.8","4.00","region_healthofficer"
"2023-05-09","3 wk ahead inc flu hosp","2023-05-27","San Joaquin Valley (SJVC)","quantile","0.85","4.00","region_healthofficer"
"2023-05-09","3 wk ahead inc flu hosp","2023-05-27","San Joaquin Valley (SJVC)","quantile","0.9","5.00","region_healthofficer"
"2023-05-09","3 wk ahead inc flu hosp","2023-05-27","San Joaquin Valley (SJVC)","quantile","0.95","6.00","region_healthofficer"
"2023-05-09","3 wk ahead inc flu hosp","2023-05-27","San Joaquin Valley (SJVC)","quantile","0.975","7.00","region_healthofficer"
"2023-05-09","3 wk ahead inc flu hosp","2023-05-27","San Joaquin Valley (SJVC)","quantile","0.99","8.00","region_healthofficer"
"2023-05-09","3 wk ahead inc flu hosp","2023-05-27","San Joaquin Valley (SJVC)","point",NA,"2.00","region_healthofficer"
"2023-05-09","4 wk ahead inc flu hosp","2023-06-03","San Joaquin Valley (SJVC)","quantile","0.01","0.00","region_healthofficer"
"2023-05-09","4 wk ahead inc flu hosp","2023-06-03","San Joaquin Valley (SJVC)","quantile","0.025","0.00","region_healthofficer"
"2023-05-09","4 wk ahead inc flu hosp","2023-06-03","San Joaquin Valley (SJVC)","quantile","0.05","0.00","region_healthofficer"
"2023-05-09","4 wk ahead inc flu hosp","2023-06-03","San Joaquin Valley (SJVC)","quantile","0.1","1.00","region_healthofficer"
"2023-05-09","4 wk ahead inc flu hosp","2023-06-03","San Joaquin Valley (SJVC)","quantile","0.15","1.00","region_healthofficer"
"2023-05-09","4 wk ahead inc flu hosp","2023-06-03","San Joaquin Valley (SJVC)","quantile","0.2","1.00","region_healthofficer"
"2023-05-09","4 wk ahead inc flu hosp","2023-06-03","San Joaquin Valley (SJVC)","quantile","0.25","1.00","region_healthofficer"
"2023-05-09","4 wk ahead inc flu hosp","2023-06-03","San Joaquin Valley (SJVC)","quantile","0.3","2.00","region_healthofficer"
"2023-05-09","4 wk ahead inc flu hosp","2023-06-03","San Joaquin Valley (SJVC)","quantile","0.35","2.00","region_healthofficer"
"2023-05-09","4 wk ahead inc flu hosp","2023-06-03","San Joaquin Valley (SJVC)","quantile","0.4","2.00","region_healthofficer"
"2023-05-09","4 wk ahead inc flu hosp","2023-06-03","San Joaquin Valley (SJVC)","quantile","0.45","2.00","region_healthofficer"
"2023-05-09","4 wk ahead inc flu hosp","2023-06-03","San Joaquin Valley (SJVC)","quantile","0.5","2.00","region_healthofficer"
"2023-05-09","4 wk ahead inc flu hosp","2023-06-03","San Joaquin Valley (SJVC)","quantile","0.55","2.00","region_healthofficer"
"2023-05-09","4 wk ahead inc flu hosp","2023-06-03","San Joaquin Valley (SJVC)","quantile","0.6","3.00","region_healthofficer"
"2023-05-09","4 wk ahead inc flu hosp","2023-06-03","San Joaquin Valley (SJVC)","quantile","0.65","3.00","region_healthofficer"
"2023-05-09","4 wk ahead inc flu hosp","2023-06-03","San Joaquin Valley (SJVC)","quantile","0.7","3.00","region_healthofficer"
"2023-05-09","4 wk ahead inc flu hosp","2023-06-03","San Joaquin Valley (SJVC)","quantile","0.75","4.00","region_healthofficer"
"2023-05-09","4 wk ahead inc flu hosp","2023-06-03","San Joaquin Valley (SJVC)","quantile","0.8","4.00","region_healthofficer"
"2023-05-09","4 wk ahead inc flu hosp","2023-06-03","San Joaquin Valley (SJVC)","quantile","0.85","4.00","region_healthofficer"
"2023-05-09","4 wk ahead inc flu hosp","2023-06-03","San Joaquin Valley (SJVC)","quantile","0.9","5.00","region_healthofficer"
"2023-05-09","4 wk ahead inc flu hosp","2023-06-03","San Joaquin Valley (SJVC)","quantile","0.95","6.00","region_healthofficer"
"2023-05-09","4 wk ahead inc flu hosp","2023-06-03","San Joaquin Valley (SJVC)","quantile","0.975","7.00","region_healthofficer"
"2023-05-09","4 wk ahead inc flu hosp","2023-06-03","San Joaquin Valley (SJVC)","quantile","0.99","8.00","region_healthofficer"
"2023-05-09","4 wk ahead inc flu hosp","2023-06-03","San Joaquin Valley (SJVC)","point",NA,"2.00","region_healthofficer"
"2023-05-09","1 wk ahead inc flu hosp","2023-05-13","Northern California (RANCHO)","quantile","0.01","0.00","region_healthofficer"
"2023-05-09","1 wk ahead inc flu hosp","2023-05-13","Northern California (RANCHO)","quantile","0.025","0.00","region_healthofficer"
"2023-05-09","1 wk ahead inc flu hosp","2023-05-13","Northern California (RANCHO)","quantile","0.05","0.00","region_healthofficer"
"2023-05-09","1 wk ahead inc flu hosp","2023-05-13","Northern California (RANCHO)","quantile","0.1","0.00","region_healthofficer"
"2023-05-09","1 wk ahead inc flu hosp","2023-05-13","Northern California (RANCHO)","quantile","0.15","0.00","region_healthofficer"
"2023-05-09","1 wk ahead inc flu hosp","2023-05-13","Northern California (RANCHO)","quantile","0.2","0.00","region_healthofficer"
"2023-05-09","1 wk ahead inc flu hosp","2023-05-13","Northern California (RANCHO)","quantile","0.25","0.00","region_healthofficer"
"2023-05-09","1 wk ahead inc flu hosp","2023-05-13","Northern California (RANCHO)","quantile","0.3","0.00","region_healthofficer"
"2023-05-09","1 wk ahead inc flu hosp","2023-05-13","Northern California (RANCHO)","quantile","0.35","0.00","region_healthofficer"
"2023-05-09","1 wk ahead inc flu hosp","2023-05-13","Northern California (RANCHO)","quantile","0.4","0.00","region_healthofficer"
"2023-05-09","1 wk ahead inc flu hosp","2023-05-13","Northern California (RANCHO)","quantile","0.45","0.00","region_healthofficer"
"2023-05-09","1 wk ahead inc flu hosp","2023-05-13","Northern California (RANCHO)","quantile","0.5","0.00","region_healthofficer"
"2023-05-09","1 wk ahead inc flu hosp","2023-05-13","Northern California (RANCHO)","quantile","0.55","0.00","region_healthofficer"
"2023-05-09","1 wk ahead inc flu hosp","2023-05-13","Northern California (RANCHO)","quantile","0.6","0.00","region_healthofficer"
"2023-05-09","1 wk ahead inc flu hosp","2023-05-13","Northern California (RANCHO)","quantile","0.65","0.00","region_healthofficer"
"2023-05-09","1 wk ahead inc flu hosp","2023-05-13","Northern California (RANCHO)","quantile","0.7","0.00","region_healthofficer"
"2023-05-09","1 wk ahead inc flu hosp","2023-05-13","Northern California (RANCHO)","quantile","0.75","0.00","region_healthofficer"
"2023-05-09","1 wk ahead inc flu hosp","2023-05-13","Northern California (RANCHO)","quantile","0.8","0.00","region_healthofficer"
"2023-05-09","1 wk ahead inc flu hosp","2023-05-13","Northern California (RANCHO)","quantile","0.85","0.00","region_healthofficer"
"2023-05-09","1 wk ahead inc flu hosp","2023-05-13","Northern California (RANCHO)","quantile","0.9","0.00","region_healthofficer"
"2023-05-09","1 wk ahead inc flu hosp","2023-05-13","Northern California (RANCHO)","quantile","0.95","1.00","region_healthofficer"
"2023-05-09","1 wk ahead inc flu hosp","2023-05-13","Northern California (RANCHO)","quantile","0.975","2.00","region_healthofficer"
"2023-05-09","1 wk ahead inc flu hosp","2023-05-13","Northern California (RANCHO)","quantile","0.99","3.00","region_healthofficer"
"2023-05-09","1 wk ahead inc flu hosp","2023-05-13","Northern California (RANCHO)","point",NA,"0.00","region_healthofficer"
"2023-05-09","2 wk ahead inc flu hosp","2023-05-20","Northern California (RANCHO)","quantile","0.01","0.00","region_healthofficer"
"2023-05-09","2 wk ahead inc flu hosp","2023-05-20","Northern California (RANCHO)","quantile","0.025","0.00","region_healthofficer"
"2023-05-09","2 wk ahead inc flu hosp","2023-05-20","Northern California (RANCHO)","quantile","0.05","0.00","region_healthofficer"
"2023-05-09","2 wk ahead inc flu hosp","2023-05-20","Northern California (RANCHO)","quantile","0.1","0.00","region_healthofficer"
"2023-05-09","2 wk ahead inc flu hosp","2023-05-20","Northern California (RANCHO)","quantile","0.15","0.00","region_healthofficer"
"2023-05-09","2 wk ahead inc flu hosp","2023-05-20","Northern California (RANCHO)","quantile","0.2","0.00","region_healthofficer"
"2023-05-09","2 wk ahead inc flu hosp","2023-05-20","Northern California (RANCHO)","quantile","0.25","0.00","region_healthofficer"
"2023-05-09","2 wk ahead inc flu hosp","2023-05-20","Northern California (RANCHO)","quantile","0.3","0.00","region_healthofficer"
"2023-05-09","2 wk ahead inc flu hosp","2023-05-20","Northern California (RANCHO)","quantile","0.35","0.00","region_healthofficer"
"2023-05-09","2 wk ahead inc flu hosp","2023-05-20","Northern California (RANCHO)","quantile","0.4","0.00","region_healthofficer"
"2023-05-09","2 wk ahead inc flu hosp","2023-05-20","Northern California (RANCHO)","quantile","0.45","0.00","region_healthofficer"
"2023-05-09","2 wk ahead inc flu hosp","2023-05-20","Northern California (RANCHO)","quantile","0.5","0.00","region_healthofficer"
"2023-05-09","2 wk ahead inc flu hosp","2023-05-20","Northern California (RANCHO)","quantile","0.55","0.00","region_healthofficer"
"2023-05-09","2 wk ahead inc flu hosp","2023-05-20","Northern California (RANCHO)","quantile","0.6","0.00","region_healthofficer"
"2023-05-09","2 wk ahead inc flu hosp","2023-05-20","Northern California (RANCHO)","quantile","0.65","0.00","region_healthofficer"
"2023-05-09","2 wk ahead inc flu hosp","2023-05-20","Northern California (RANCHO)","quantile","0.7","0.00","region_healthofficer"
"2023-05-09","2 wk ahead inc flu hosp","2023-05-20","Northern California (RANCHO)","quantile","0.75","0.00","region_healthofficer"
"2023-05-09","2 wk ahead inc flu hosp","2023-05-20","Northern California (RANCHO)","quantile","0.8","0.00","region_healthofficer"
"2023-05-09","2 wk ahead inc flu hosp","2023-05-20","Northern California (RANCHO)","quantile","0.85","0.00","region_healthofficer"
"2023-05-09","2 wk ahead inc flu hosp","2023-05-20","Northern California (RANCHO)","quantile","0.9","1.00","region_healthofficer"
"2023-05-09","2 wk ahead inc flu hosp","2023-05-20","Northern California (RANCHO)","quantile","0.95","1.00","region_healthofficer"
"2023-05-09","2 wk ahead inc flu hosp","2023-05-20","Northern California (RANCHO)","quantile","0.975","2.00","region_healthofficer"
"2023-05-09","2 wk ahead inc flu hosp","2023-05-20","Northern California (RANCHO)","quantile","0.99","3.00","region_healthofficer"
"2023-05-09","2 wk ahead inc flu hosp","2023-05-20","Northern California (RANCHO)","point",NA,"0.00","region_healthofficer"
"2023-05-09","3 wk ahead inc flu hosp","2023-05-27","Northern California (RANCHO)","quantile","0.01","0.00","region_healthofficer"
"2023-05-09","3 wk ahead inc flu hosp","2023-05-27","Northern California (RANCHO)","quantile","0.025","0.00","region_healthofficer"
"2023-05-09","3 wk ahead inc flu hosp","2023-05-27","Northern California (RANCHO)","quantile","0.05","0.00","region_healthofficer"
"2023-05-09","3 wk ahead inc flu hosp","2023-05-27","Northern California (RANCHO)","quantile","0.1","0.00","region_healthofficer"
"2023-05-09","3 wk ahead inc flu hosp","2023-05-27","Northern California (RANCHO)","quantile","0.15","0.00","region_healthofficer"
"2023-05-09","3 wk ahead inc flu hosp","2023-05-27","Northern California (RANCHO)","quantile","0.2","0.00","region_healthofficer"
"2023-05-09","3 wk ahead inc flu hosp","2023-05-27","Northern California (RANCHO)","quantile","0.25","0.00","region_healthofficer"
"2023-05-09","3 wk ahead inc flu hosp","2023-05-27","Northern California (RANCHO)","quantile","0.3","0.00","region_healthofficer"
"2023-05-09","3 wk ahead inc flu hosp","2023-05-27","Northern California (RANCHO)","quantile","0.35","0.00","region_healthofficer"
"2023-05-09","3 wk ahead inc flu hosp","2023-05-27","Northern California (RANCHO)","quantile","0.4","0.00","region_healthofficer"
"2023-05-09","3 wk ahead inc flu hosp","2023-05-27","Northern California (RANCHO)","quantile","0.45","0.00","region_healthofficer"
"2023-05-09","3 wk ahead inc flu hosp","2023-05-27","Northern California (RANCHO)","quantile","0.5","0.00","region_healthofficer"
"2023-05-09","3 wk ahead inc flu hosp","2023-05-27","Northern California (RANCHO)","quantile","0.55","0.00","region_healthofficer"
"2023-05-09","3 wk ahead inc flu hosp","2023-05-27","Northern California (RANCHO)","quantile","0.6","0.00","region_healthofficer"
"2023-05-09","3 wk ahead inc flu hosp","2023-05-27","Northern California (RANCHO)","quantile","0.65","0.00","region_healthofficer"
"2023-05-09","3 wk ahead inc flu hosp","2023-05-27","Northern California (RANCHO)","quantile","0.7","0.00","region_healthofficer"
"2023-05-09","3 wk ahead inc flu hosp","2023-05-27","Northern California (RANCHO)","quantile","0.75","0.00","region_healthofficer"
"2023-05-09","3 wk ahead inc flu hosp","2023-05-27","Northern California (RANCHO)","quantile","0.8","0.00","region_healthofficer"
"2023-05-09","3 wk ahead inc flu hosp","2023-05-27","Northern California (RANCHO)","quantile","0.85","0.00","region_healthofficer"
"2023-05-09","3 wk ahead inc flu hosp","2023-05-27","Northern California (RANCHO)","quantile","0.9","0.00","region_healthofficer"
"2023-05-09","3 wk ahead inc flu hosp","2023-05-27","Northern California (RANCHO)","quantile","0.95","1.00","region_healthofficer"
"2023-05-09","3 wk ahead inc flu hosp","2023-05-27","Northern California (RANCHO)","quantile","0.975","2.00","region_healthofficer"
"2023-05-09","3 wk ahead inc flu hosp","2023-05-27","Northern California (RANCHO)","quantile","0.99","2.00","region_healthofficer"
"2023-05-09","3 wk ahead inc flu hosp","2023-05-27","Northern California (RANCHO)","point",NA,"0.00","region_healthofficer"
"2023-05-09","4 wk ahead inc flu hosp","2023-06-03","Northern California (RANCHO)","quantile","0.01","0.00","region_healthofficer"
"2023-05-09","4 wk ahead inc flu hosp","2023-06-03","Northern California (RANCHO)","quantile","0.025","0.00","region_healthofficer"
"2023-05-09","4 wk ahead inc flu hosp","2023-06-03","Northern California (RANCHO)","quantile","0.05","0.00","region_healthofficer"
"2023-05-09","4 wk ahead inc flu hosp","2023-06-03","Northern California (RANCHO)","quantile","0.1","0.00","region_healthofficer"
"2023-05-09","4 wk ahead inc flu hosp","2023-06-03","Northern California (RANCHO)","quantile","0.15","0.00","region_healthofficer"
"2023-05-09","4 wk ahead inc flu hosp","2023-06-03","Northern California (RANCHO)","quantile","0.2","0.00","region_healthofficer"
"2023-05-09","4 wk ahead inc flu hosp","2023-06-03","Northern California (RANCHO)","quantile","0.25","0.00","region_healthofficer"
"2023-05-09","4 wk ahead inc flu hosp","2023-06-03","Northern California (RANCHO)","quantile","0.3","0.00","region_healthofficer"
"2023-05-09","4 wk ahead inc flu hosp","2023-06-03","Northern California (RANCHO)","quantile","0.35","0.00","region_healthofficer"
"2023-05-09","4 wk ahead inc flu hosp","2023-06-03","Northern California (RANCHO)","quantile","0.4","0.00","region_healthofficer"
"2023-05-09","4 wk ahead inc flu hosp","2023-06-03","Northern California (RANCHO)","quantile","0.45","0.00","region_healthofficer"
"2023-05-09","4 wk ahead inc flu hosp","2023-06-03","Northern California (RANCHO)","quantile","0.5","0.00","region_healthofficer"
"2023-05-09","4 wk ahead inc flu hosp","2023-06-03","Northern California (RANCHO)","quantile","0.55","0.00","region_healthofficer"
"2023-05-09","4 wk ahead inc flu hosp","2023-06-03","Northern California (RANCHO)","quantile","0.6","0.00","region_healthofficer"
"2023-05-09","4 wk ahead inc flu hosp","2023-06-03","Northern California (RANCHO)","quantile","0.65","0.00","region_healthofficer"
"2023-05-09","4 wk ahead inc flu hosp","2023-06-03","Northern California (RANCHO)","quantile","0.7","0.00","region_healthofficer"
"2023-05-09","4 wk ahead inc flu hosp","2023-06-03","Northern California (RANCHO)","quantile","0.75","0.00","region_healthofficer"
"2023-05-09","4 wk ahead inc flu hosp","2023-06-03","Northern California (RANCHO)","quantile","0.8","0.00","region_healthofficer"
"2023-05-09","4 wk ahead inc flu hosp","2023-06-03","Northern California (RANCHO)","quantile","0.85","0.00","region_healthofficer"
"2023-05-09","4 wk ahead inc flu hosp","2023-06-03","Northern California (RANCHO)","quantile","0.9","1.00","region_healthofficer"
"2023-05-09","4 wk ahead inc flu hosp","2023-06-03","Northern California (RANCHO)","quantile","0.95","1.00","region_healthofficer"
"2023-05-09","4 wk ahead inc flu hosp","2023-06-03","Northern California (RANCHO)","quantile","0.975","2.00","region_healthofficer"
"2023-05-09","4 wk ahead inc flu hosp","2023-06-03","Northern California (RANCHO)","quantile","0.99","3.00","region_healthofficer"
"2023-05-09","4 wk ahead inc flu hosp","2023-06-03","Northern California (RANCHO)","point",NA,"0.00","region_healthofficer"
"2023-05-09","1 wk ahead inc flu hosp","2023-05-13","Southern California","quantile","0.01"," 5.00","region_healthofficer"
"2023-05-09","1 wk ahead inc flu hosp","2023-05-13","Southern California","quantile","0.025"," 6.00","region_healthofficer"
"2023-05-09","1 wk ahead inc flu hosp","2023-05-13","Southern California","quantile","0.05"," 7.00","region_healthofficer"
"2023-05-09","1 wk ahead inc flu hosp","2023-05-13","Southern California","quantile","0.1"," 8.00","region_healthofficer"
"2023-05-09","1 wk ahead inc flu hosp","2023-05-13","Southern California","quantile","0.15"," 9.00","region_healthofficer"
"2023-05-09","1 wk ahead inc flu hosp","2023-05-13","Southern California","quantile","0.2","10.00","region_healthofficer"
"2023-05-09","1 wk ahead inc flu hosp","2023-05-13","Southern California","quantile","0.25","11.00","region_healthofficer"
"2023-05-09","1 wk ahead inc flu hosp","2023-05-13","Southern California","quantile","0.3","11.00","region_healthofficer"
"2023-05-09","1 wk ahead inc flu hosp","2023-05-13","Southern California","quantile","0.35","12.00","region_healthofficer"
"2023-05-09","1 wk ahead inc flu hosp","2023-05-13","Southern California","quantile","0.4","13.00","region_healthofficer"
"2023-05-09","1 wk ahead inc flu hosp","2023-05-13","Southern California","quantile","0.45","14.00","region_healthofficer"
"2023-05-09","1 wk ahead inc flu hosp","2023-05-13","Southern California","quantile","0.5","15.00","region_healthofficer"
"2023-05-09","1 wk ahead inc flu hosp","2023-05-13","Southern California","quantile","0.55","15.00","region_healthofficer"
"2023-05-09","1 wk ahead inc flu hosp","2023-05-13","Southern California","quantile","0.6","17.00","region_healthofficer"
"2023-05-09","1 wk ahead inc flu hosp","2023-05-13","Southern California","quantile","0.65","17.00","region_healthofficer"
"2023-05-09","1 wk ahead inc flu hosp","2023-05-13","Southern California","quantile","0.7","18.00","region_healthofficer"
"2023-05-09","1 wk ahead inc flu hosp","2023-05-13","Southern California","quantile","0.75","19.00","region_healthofficer"
"2023-05-09","1 wk ahead inc flu hosp","2023-05-13","Southern California","quantile","0.8","20.00","region_healthofficer"
"2023-05-09","1 wk ahead inc flu hosp","2023-05-13","Southern California","quantile","0.85","22.00","region_healthofficer"
"2023-05-09","1 wk ahead inc flu hosp","2023-05-13","Southern California","quantile","0.9","24.00","region_healthofficer"
"2023-05-09","1 wk ahead inc flu hosp","2023-05-13","Southern California","quantile","0.95","26.00","region_healthofficer"
"2023-05-09","1 wk ahead inc flu hosp","2023-05-13","Southern California","quantile","0.975","29.00","region_healthofficer"
"2023-05-09","1 wk ahead inc flu hosp","2023-05-13","Southern California","quantile","0.99","32.00","region_healthofficer"
"2023-05-09","1 wk ahead inc flu hosp","2023-05-13","Southern California","point",NA,"15.00","region_healthofficer"
"2023-05-09","2 wk ahead inc flu hosp","2023-05-20","Southern California","quantile","0.01"," 5.00","region_healthofficer"
"2023-05-09","2 wk ahead inc flu hosp","2023-05-20","Southern California","quantile","0.025"," 6.00","region_healthofficer"
"2023-05-09","2 wk ahead inc flu hosp","2023-05-20","Southern California","quantile","0.05"," 7.00","region_healthofficer"
"2023-05-09","2 wk ahead inc flu hosp","2023-05-20","Southern California","quantile","0.1"," 8.00","region_healthofficer"
"2023-05-09","2 wk ahead inc flu hosp","2023-05-20","Southern California","quantile","0.15"," 9.00","region_healthofficer"
"2023-05-09","2 wk ahead inc flu hosp","2023-05-20","Southern California","quantile","0.2","10.00","region_healthofficer"
"2023-05-09","2 wk ahead inc flu hosp","2023-05-20","Southern California","quantile","0.25","11.00","region_healthofficer"
"2023-05-09","2 wk ahead inc flu hosp","2023-05-20","Southern California","quantile","0.3","11.00","region_healthofficer"
"2023-05-09","2 wk ahead inc flu hosp","2023-05-20","Southern California","quantile","0.35","12.00","region_healthofficer"
"2023-05-09","2 wk ahead inc flu hosp","2023-05-20","Southern California","quantile","0.4","13.00","region_healthofficer"
"2023-05-09","2 wk ahead inc flu hosp","2023-05-20","Southern California","quantile","0.45","14.00","region_healthofficer"
"2023-05-09","2 wk ahead inc flu hosp","2023-05-20","Southern California","quantile","0.5","15.00","region_healthofficer"
"2023-05-09","2 wk ahead inc flu hosp","2023-05-20","Southern California","quantile","0.55","15.00","region_healthofficer"
"2023-05-09","2 wk ahead inc flu hosp","2023-05-20","Southern California","quantile","0.6","16.00","region_healthofficer"
"2023-05-09","2 wk ahead inc flu hosp","2023-05-20","Southern California","quantile","0.65","17.00","region_healthofficer"
"2023-05-09","2 wk ahead inc flu hosp","2023-05-20","Southern California","quantile","0.7","18.00","region_healthofficer"
"2023-05-09","2 wk ahead inc flu hosp","2023-05-20","Southern California","quantile","0.75","19.00","region_healthofficer"
"2023-05-09","2 wk ahead inc flu hosp","2023-05-20","Southern California","quantile","0.8","20.00","region_healthofficer"
"2023-05-09","2 wk ahead inc flu hosp","2023-05-20","Southern California","quantile","0.85","22.00","region_healthofficer"
"2023-05-09","2 wk ahead inc flu hosp","2023-05-20","Southern California","quantile","0.9","23.00","region_healthofficer"
"2023-05-09","2 wk ahead inc flu hosp","2023-05-20","Southern California","quantile","0.95","26.00","region_healthofficer"
"2023-05-09","2 wk ahead inc flu hosp","2023-05-20","Southern California","quantile","0.975","28.00","region_healthofficer"
"2023-05-09","2 wk ahead inc flu hosp","2023-05-20","Southern California","quantile","0.99","32.00","region_healthofficer"
"2023-05-09","2 wk ahead inc flu hosp","2023-05-20","Southern California","point",NA,"15.00","region_healthofficer"
"2023-05-09","3 wk ahead inc flu hosp","2023-05-27","Southern California","quantile","0.01"," 5.00","region_healthofficer"
"2023-05-09","3 wk ahead inc flu hosp","2023-05-27","Southern California","quantile","0.025"," 6.00","region_healthofficer"
"2023-05-09","3 wk ahead inc flu hosp","2023-05-27","Southern California","quantile","0.05"," 7.00","region_healthofficer"
"2023-05-09","3 wk ahead inc flu hosp","2023-05-27","Southern California","quantile","0.1"," 8.00","region_healthofficer"
"2023-05-09","3 wk ahead inc flu hosp","2023-05-27","Southern California","quantile","0.15"," 9.00","region_healthofficer"
"2023-05-09","3 wk ahead inc flu hosp","2023-05-27","Southern California","quantile","0.2","10.00","region_healthofficer"
"2023-05-09","3 wk ahead inc flu hosp","2023-05-27","Southern California","quantile","0.25","11.00","region_healthofficer"
"2023-05-09","3 wk ahead inc flu hosp","2023-05-27","Southern California","quantile","0.3","11.70","region_healthofficer"
"2023-05-09","3 wk ahead inc flu hosp","2023-05-27","Southern California","quantile","0.35","12.00","region_healthofficer"
"2023-05-09","3 wk ahead inc flu hosp","2023-05-27","Southern California","quantile","0.4","13.00","region_healthofficer"
"2023-05-09","3 wk ahead inc flu hosp","2023-05-27","Southern California","quantile","0.45","14.00","region_healthofficer"
"2023-05-09","3 wk ahead inc flu hosp","2023-05-27","Southern California","quantile","0.5","14.00","region_healthofficer"
"2023-05-09","3 wk ahead inc flu hosp","2023-05-27","Southern California","quantile","0.55","15.00","region_healthofficer"
"2023-05-09","3 wk ahead inc flu hosp","2023-05-27","Southern California","quantile","0.6","16.00","region_healthofficer"
"2023-05-09","3 wk ahead inc flu hosp","2023-05-27","Southern California","quantile","0.65","17.00","region_healthofficer"
"2023-05-09","3 wk ahead inc flu hosp","2023-05-27","Southern California","quantile","0.7","18.00","region_healthofficer"
"2023-05-09","3 wk ahead inc flu hosp","2023-05-27","Southern California","quantile","0.75","19.00","region_healthofficer"
"2023-05-09","3 wk ahead inc flu hosp","2023-05-27","Southern California","quantile","0.8","20.00","region_healthofficer"
"2023-05-09","3 wk ahead inc flu hosp","2023-05-27","Southern California","quantile","0.85","22.00","region_healthofficer"
"2023-05-09","3 wk ahead inc flu hosp","2023-05-27","Southern California","quantile","0.9","24.00","region_healthofficer"
"2023-05-09","3 wk ahead inc flu hosp","2023-05-27","Southern California","quantile","0.95","27.00","region_healthofficer"
"2023-05-09","3 wk ahead inc flu hosp","2023-05-27","Southern California","quantile","0.975","29.00","region_healthofficer"
"2023-05-09","3 wk ahead inc flu hosp","2023-05-27","Southern California","quantile","0.99","31.00","region_healthofficer"
"2023-05-09","3 wk ahead inc flu hosp","2023-05-27","Southern California","point",NA,"14.00","region_healthofficer"
"2023-05-09","4 wk ahead inc flu hosp","2023-06-03","Southern California","quantile","0.01"," 4.99","region_healthofficer"
"2023-05-09","4 wk ahead inc flu hosp","2023-06-03","Southern California","quantile","0.025"," 6.00","region_healthofficer"
"2023-05-09","4 wk ahead inc flu hosp","2023-06-03","Southern California","quantile","0.05"," 7.00","region_healthofficer"
"2023-05-09","4 wk ahead inc flu hosp","2023-06-03","Southern California","quantile","0.1"," 8.00","region_healthofficer"
"2023-05-09","4 wk ahead inc flu hosp","2023-06-03","Southern California","quantile","0.15"," 9.00","region_healthofficer"
"2023-05-09","4 wk ahead inc flu hosp","2023-06-03","Southern California","quantile","0.2","10.00","region_healthofficer"
"2023-05-09","4 wk ahead inc flu hosp","2023-06-03","Southern California","quantile","0.25","11.00","region_healthofficer"
"2023-05-09","4 wk ahead inc flu hosp","2023-06-03","Southern California","quantile","0.3","12.00","region_healthofficer"
"2023-05-09","4 wk ahead inc flu hosp","2023-06-03","Southern California","quantile","0.35","13.00","region_healthofficer"
"2023-05-09","4 wk ahead inc flu hosp","2023-06-03","Southern California","quantile","0.4","13.00","region_healthofficer"
"2023-05-09","4 wk ahead inc flu hosp","2023-06-03","Southern California","quantile","0.45","14.00","region_healthofficer"
"2023-05-09","4 wk ahead inc flu hosp","2023-06-03","Southern California","quantile","0.5","15.00","region_healthofficer"
"2023-05-09","4 wk ahead inc flu hosp","2023-06-03","Southern California","quantile","0.55","16.00","region_healthofficer"
"2023-05-09","4 wk ahead inc flu hosp","2023-06-03","Southern California","quantile","0.6","16.00","region_healthofficer"
"2023-05-09","4 wk ahead inc flu hosp","2023-06-03","Southern California","quantile","0.65","17.00","region_healthofficer"
"2023-05-09","4 wk ahead inc flu hosp","2023-06-03","Southern California","quantile","0.7","18.00","region_healthofficer"
"2023-05-09","4 wk ahead inc flu hosp","2023-06-03","Southern California","quantile","0.75","19.00","region_healthofficer"
"2023-05-09","4 wk ahead inc flu hosp","2023-06-03","Southern California","quantile","0.8","20.00","region_healthofficer"
"2023-05-09","4 wk ahead inc flu hosp","2023-06-03","Southern California","quantile","0.85","22.00","region_healthofficer"
"2023-05-09","4 wk ahead inc flu hosp","2023-06-03","Southern California","quantile","0.9","23.00","region_healthofficer"
"2023-05-09","4 wk ahead inc flu hosp","2023-06-03","Southern California","quantile","0.95","26.00","region_healthofficer"
"2023-05-09","4 wk ahead inc flu hosp","2023-06-03","Southern California","quantile","0.975","28.00","region_healthofficer"
"2023-05-09","4 wk ahead inc flu hosp","2023-06-03","Southern California","quantile","0.99","32.00","region_healthofficer"
"2023-05-09","4 wk ahead inc flu hosp","2023-06-03","Southern California","point",NA,"15.00","region_healthofficer"
